first_name,last_name,email
Rewards,Description
Amy,Archer,amyarcher@fakemail.com
Clay,Jones,clayjones@fakemail.com
Brad,Davis,braddavis@fakemail.com
Jamie,Stuart,jamiestuart@fakemail.com
Lisa,Archer,lisaarcher@fakemail.com
Clay,Porter,clayporter@fakemail.com
Alex,Porter,alexporter@fakemail.com
Brad,Walsh,bradwalsh@fakemail.com
Travis,Stuart,travisstuart@fakemail.com
Justin,Jones,justinjones@fakemail.com
Tom,Davis,tomdavis@fakemail.com
Alex,Jensen,alexjensen@fakemail.com
Tom,Foley,tomfoley@fakemail.com
Amy,Stuart,amystuart@fakemail.com
Nina,Davis,ninadavis@fakemail.com
Justin,Stuart,justinstuart@fakemail.com
Travis,Jones,travisjones@fakemail.com
Travis,Stuart,travisstuart@fakemail.com
Lisa,Walsh,lisawalsh@fakemail.com
Brad,Archer,bradarcher@fakemail.com
Lisa,Porter,lisaporter@fakemail.com
Travis,Walsh,traviswalsh@fakemail.com
Mark,Stuart,markstuart@fakemail.com
Nina,Porter,ninaporter@fakemail.com
Mark,Jones,markjones@fakemail.com
Lisa,Stuart,lisastuart@fakemail.com
Lisa,Jones,lisajones@fakemail.com
Brad,Walsh,bradwalsh@fakemail.com
Jamie,Porter,jamieporter@fakemail.com
Travis,Walsh,traviswalsh@fakemail.com
Justin,Archer,justinarcher@fakemail.com
Jamie,Jensen,jamiejensen@fakemail.com
Amy,Stuart,amystuart@fakemail.com
Mark,Davis,markdavis@fakemail.com
Mark,Stuart,markstuart@fakemail.com
Lisa,Jones,lisajones@fakemail.com
Nina,Walsh,ninawalsh@fakemail.com
Travis,Archer,travisarcher@fakemail.com
Jamie,Walsh,jamiewalsh@fakemail.com
Justin,Walsh,justinwalsh@fakemail.com
Jamie,Porter,jamieporter@fakemail.com
Jamie,Jones,jamiejones@fakemail.com
Lisa,Davis,lisadavis@fakemail.com
Nina,Archer,ninaarcher@fakemail.com
Alex,Doe,alexdoe@fakemail.com
Jamie,Archer,jamiearcher@fakemail.com
Amy,Stuart,amystuart@fakemail.com
Justin,Doe,justindoe@fakemail.com
Lisa,Walsh,lisawalsh@fakemail.com
Alex,Davis,alexdavis@fakemail.com
Lisa,Doe,lisadoe@fakemail.com
Brad,Foley,bradfoley@fakemail.com
Travis,Stuart,travisstuart@fakemail.com
Mark,Davis,markdavis@fakemail.com
Brad,Jensen,bradjensen@fakemail.com
Travis,Davis,travisdavis@fakemail.com
Lisa,Doe,lisadoe@fakemail.com
Lisa,Davis,lisadavis@fakemail.com
Travis,Foley,travisfoley@fakemail.com
Mark,Foley,markfoley@fakemail.com
Nina,Foley,ninafoley@fakemail.com
Tom,Jones,tomjones@fakemail.com
Jamie,Foley,jamiefoley@fakemail.com
Travis,Davis,travisdavis@fakemail.com
Tom,Stuart,tomstuart@fakemail.com
Clay,Foley,clayfoley@fakemail.com
Mark,Archer,markarcher@fakemail.com
Travis,Jones,travisjones@fakemail.com
Alex,Porter,alexporter@fakemail.com
Justin,Porter,justinporter@fakemail.com
Alex,Foley,alexfoley@fakemail.com
Tom,Jensen,tomjensen@fakemail.com
Travis,Jones,travisjones@fakemail.com
No Reward,Description
Justin,Foley,justinfoley@fakemail.com
Jamie,Jones,jamiejones@fakemail.com
Nina,Jensen,ninajensen@fakemail.com
Alex,Doe,alexdoe@fakemail.com
Nina,Doe,ninadoe@fakemail.com
Jamie,Jones,jamiejones@fakemail.com
Lisa,Archer,lisaarcher@fakemail.com
Alex,Archer,alexarcher@fakemail.com
Brad,Jones,bradjones@fakemail.com
Justin,Jones,justinjones@fakemail.com
Alex,Doe,alexdoe@fakemail.com
Amy,Walsh,amywalsh@fakemail.com
Clay,Porter,clayporter@fakemail.com
Nina,Doe,ninadoe@fakemail.com
Justin,Davis,justindavis@fakemail.com
Jamie,Archer,jamiearcher@fakemail.com
Lisa,Foley,lisafoley@fakemail.com
Lisa,Porter,lisaporter@fakemail.com
Tom,Foley,tomfoley@fakemail.com
Amy,Jones,amyjones@fakemail.com
Amy,Davis,amydavis@fakemail.com
Mark,Walsh,markwalsh@fakemail.com
Travis,Stuart,travisstuart@fakemail.com
Amy,Doe,amydoe@fakemail.com
Jamie,Stuart,jamiestuart@fakemail.com
Jamie,Porter,jamieporter@fakemail.com
Mark,Porter,markporter@fakemail.com
